"file","key","english","dari_current","pashto_current","dari_corrected","pashto_corrected","reviewer_note"
"index.html","navJourneys","Journeys","سفرها","سفرونه","","",""
"index.html","navAi","Talk to WellMate","با WellMate صحبت کن","له WellMate سره خبرې","","",""
"index.html","navGet","Get WellMate","دریافت WellMate","WellMate ترلاسه کړئ","","",""
"index.html","heroEyebrow","In your own language — Pashto · Dari · English","به زبانِ خودت — پښتو · دری · انگلیسی","ستا په خپله ژبه — پښتو · دري · انګلیسي","","",""
"index.html","heroTitle1","Heard,","شنیده می‌شوی،","اورېدل کېږې،","","",""
"index.html","heroTitle2","without being seen.","بی‌آنکه دیده شوی.","پرته له دې چې ولیدل شې.","","",""
"index.html","heroSub","A private, gentle companion — a place to be heard in your own language, whenever you need it. Your story stays yours.","یک همراهِ آرام و خصوصی — جایی برای شنیده‌شدن به زبانِ خودت، هر وقت که نیاز داشتی. قصه‌ات تنها مالِ توست.","یو ارام او محرم ملګری — د خپلې ژبې په ژبه د اورېدلو ځای، هر کله چې اړتیا لرې. ستا کیسه یوازې ستا ده.","","",""
"index.html","moodQ","How are you feeling today?","امروز چه احساسی داری؟","نن څنګه احساس کوې؟","","",""
"index.html","moodHint","However you are, WellMate meets you here — gently.","هر طور که هستی، WellMate همین‌جا و به‌آرامی کنارِ توست.","په هر حال کې چې يې، WellMate همدلته او په ارامۍ درسره دی.","","",""
"index.html","moodAct","Take a slow breath →","یک نفسِ آهسته بکش ←","یوه ورو ساه واخله ←","","",""
"index.html","heroCtaGet","Get WellMate","دریافت WellMate","WellMate ترلاسه کړئ","","",""
"index.html","heroCtaJourneys","Choose your journey","سفرت را انتخاب کن","خپل سفر وټاکه","","",""
"index.html","greet","Peace be with you 🌿","سلام بر تو 🌿","سلام درباندې 🌿","","",""
"index.html","scrLbl","How are you feeling today?","امروز چه احساسی داری؟","نن څنګه احساس کوې؟","","",""
"index.html","scrSuggT0","Your journey","سفرِ تو","ستا سفر","","",""
"index.html","scrSuggD0","Tend it a little, day by day","هر روز کمی پرورشش بده","هره ورځ یې لږ روزنه کړه","","",""
"index.html","phoneQuiet.t","A quiet moment","یک لحظهٔ آرام","یوه ارامه شېبه","","",""
"index.html","phoneQuiet.d","Breathe, and be here a while","نفس بکش و کمی همین‌جا بمان","ساه واخله او لږ همدلته پاتې شه","","",""
"index.html","phoneTalk","Talk to WellMate","با WellMate صحبت کن","له WellMate سره خبرې وکړه","","",""
"index.html","moods.calm.label","Calm","آرام","ارام","","",""
"index.html","moods.calm.title","Calm","آرام","ارام","","",""
"index.html","moods.calm.activity","A grateful breath","یک نفسِ سپاسگزار","د شکر ساه","","",""
"index.html","moods.calm.text","A calm moment is worth staying in. Breathe slowly, and let yourself rest here.","لحظهٔ آرام ارزشِ ماندن دارد. آهسته نفس بکش و بگذار همین‌جا بیاسایی.","ارامه شېبه د پاتې کېدو ارزښت لري. ورو ساه واخله او پرېږده چې همدلته ارام شې.","","",""
"index.html","moods.good.label","Good","خوب","ښه","","",""
"index.html","moods.good.title","Good","خوب","ښه","","",""
"index.html","moods.good.activity","Carry it with you","با خودت نگهش دار","له ځان سره یې وساته","","",""
"index.html","moods.good.text","A good day is a small treasure. Take one slow breath, and keep it close.","روزِ خوب گنجِ کوچکی‌ست. یک نفسِ آهسته بکش و نزدیکِ خودت نگهش دار.","ښه ورځ یوه وړه خزانه ده. یوه ورو ساه واخله او نږدې یې وساته.","","",""
"index.html","moods.tired.label","Tired","خسته","ستړی","","",""
"index.html","moods.tired.title","Tired","خسته","ستړی","","",""
"index.html","moods.tired.activity","Rest a little","کمی بیاسا","لږ ارام وکړه","","",""
"index.html","moods.tired.text","You've carried a lot. Be soft with yourself today — rest is allowed.","بارِ زیادی برده‌ای. امروز با خودت نرم باش — آسودن رواست.","ډېر بار دې وړی. نن له ځان سره نرم اوسه — ارام روا دی.","","",""
"index.html","moods.anxious.label","Anxious","مضطرب","اندېښمن","","",""
"index.html","moods.anxious.title","Anxious","مضطرب","اندېښمن","","",""
"index.html","moods.anxious.activity","Come back to now","به همین لحظه برگرد","همدې شېبې ته راشه","","",""
"index.html","moods.anxious.text","Let's slow things down together, one small breath at a time. You're safe here.","بیا با هم آهسته‌تر شویم، یک نفسِ کوچک در هر بار. این‌جا در امانی.","راځه چې سره ورو شو، هر ځل یوه وړوکې ساه. ته دلته خوندي يې.","","",""
"index.html","moods.sad.label","Sad","غمگین","خپه","","",""
"index.html","moods.sad.title","Heavy-hearted","دل‌سنگین","خپه‌زړی","","",""
"index.html","moods.sad.activity","You're not alone","تنها نیستی","ته یوازې نه يې","","",""
"index.html","moods.sad.text","Whatever you're carrying, you don't have to hold it alone. I'm here with you.","هرچه بر دل داری، لازم نیست تنها نگهش داری. من کنارِ توام.","هرڅه چې پر زړه لرې، اړ نه يې چې یوازې یې وساتې. زه درسره یم.","","",""
"index.html","growKicker","Your journey awaits","سفرت در انتظار است","ستا سفر په تمه دی","","",""
"index.html","growTitle","Choose it. Tend it. Watch it come to life.","انتخابش کن. پرورشش بده. ببین جان می‌گیرد.","ویې ټاکه. روزنه یې کړه. وګوره چې ژوندی کیږي.","","",""
"index.html","growLead","Five journeys, drawn from home. Tend yours a little each day — woven, stitched, built, and grown over 14 days.","پنج سفر، برخاسته از وطن. هر روز کمی به سفرت برس — بافته، دوخته، ساخته و روییده در ۱۴ روز.","پنځه سفرونه، له کوره اخیستل شوي. هره ورځ خپل سفر ته لږ ورسه — اوبدل شوی، ګنډل شوی، جوړ شوی او لوی شوی په ۱۴ ورځو کې.","","",""
"index.html","journeys.carpet.region","Mazar","مزار","مزار","","",""
"index.html","journeys.carpet.name","Mazar Carpet","قالینِ مزار","د مزار قالین","","",""
"index.html","journeys.carpet.theme","Care & Rebuilding","مراقبت و بازسازی","پاملرنه او بیارغونه","","",""
"index.html","journeys.carpet.story","In Mazar, a carpet is never hurried. Knot by knot, row by row, something beautiful takes shape — the way care, given daily, rebuilds us.","در مزار، قالین هرگز با عجله بافته نمی‌شود. گره به گره، رج به رج، چیزی زیبا شکل می‌گیرد — همان‌طور که مراقبتِ هر روزه ما را از نو می‌سازد.","په مزار کې قالین هیڅکله په بیړه نه اوبدل کیږي. غوټه په غوټه، لیکه په لیکه، یو ښکلی شی جوړېږي — لکه څنګه چې ورځنۍ پاملرنه موږ بیا جوړوي.","","",""
"index.html","journeys.minarets.region","Herat","هرات","هرات","","",""
"index.html","journeys.minarets.name","Minarets of Herat","منارهای هرات","د هرات منارې","","",""
"index.html","journeys.minarets.theme","Rebuilding & Strength","بازسازی و قوت","بیارغونه او ځواک","","",""
"index.html","journeys.minarets.story","The minarets of Herat have stood through centuries of storms. They rise the way we do — slowly, one day at a time, and with quiet strength.","منارهای هرات قرن‌ها در برابرِ طوفان‌ها ایستاده‌اند. آن‌ها همان‌طور بالا می‌روند که ما — آهسته، روز به روز، و با قوتِ آرام.","د هرات منارې پېړۍ پېړۍ د طوفانونو پر وړاندې ولاړې دي. هغوی هماغسې پورته کیږي لکه موږ — ورو، ورځ په ورځ، او په ارام ځواک.","","",""
"index.html","journeys.dress.region","Kabul","کابل","کابل","","",""
"index.html","journeys.dress.name","Afghan Women's Dress","لباسِ زنانِ افغان","د افغان ښځو جامه","","",""
"index.html","journeys.dress.theme","Expression & Identity","بیان و هویت","څرګندونه او پېژندنه","","",""
"index.html","journeys.dress.story","Every stitch of an Afghan dress carries colour, memory and identity — a story a woman wears with pride, sewn a little each day.","هر کوکِ لباسِ افغانی رنگ، خاطره و هویت دارد — قصه‌ای که یک زن با غرور بر تن می‌کند، و هر روز کمی دوخته می‌شود.","د افغاني جامې هر ګنډ رنګ، یاد او پېژندنه لري — هغه کیسه چې یوه ښځه یې په ویاړ اغوندي، او هره ورځ لږه ګنډل کیږي.","","",""
"index.html","journeys.ghara.region","Kandahar","قندهار","کندهار","","",""
"index.html","journeys.ghara.name","Kandahari Ghara","غرای قندهاری","کندهارۍ غاړه","","",""
"index.html","journeys.ghara.theme","Identity & Pride","هویت و غرور","پېژندنه او ویاړ","","",""
"index.html","journeys.ghara.story","The Kandahari ghara is sewn with patience and worn with pride — identity, stitched carefully by hand, one day at a time.","غرای قندهاری با صبر دوخته و با غرور پوشیده می‌شود — هویتی که با دست، روز به روز، کوک می‌خورد.","کندهارۍ غاړه په صبر ګنډل کیږي او په ویاړ اغوستل کیږي — پېژندنه چې په لاس، ورځ په ورځ، ګنډل کیږي.","","",""
"index.html","journeys.pomegranate.region","Kandahar","قندهار","کندهار","","",""
"index.html","journeys.pomegranate.name","Pomegranate Tree","درختِ انار","د انار ونه","","",""
"index.html","journeys.pomegranate.theme","Growth & Patience","رشد و صبر","وده او صبر","","",""
"index.html","journeys.pomegranate.story","In Kandahar's orchards, the pomegranate tree takes its time — and its fruit is worth every season of patience.","در باغ‌های قندهار، درختِ انار وقتِ خودش را می‌گیرد — و میوه‌اش ارزشِ هر فصل صبر را دارد.","د کندهار په باغونو کې د انار ونه خپل وخت اخلي — او مېوه یې د صبر د هر فصل ارزښت لري.","","",""
"index.html","readAbout()","n=>`Read about ${n} →`","n=>`دربارهٔ ${n} بخوان ←`","n=>`د ${n} په اړه ولوله ←`","","",""
"index.html","growBtn","Tend it today","امروز به آن برس","نن ورته ورسه","","",""
"index.html","growReset","Start over","از نو شروع کن","بیا پیل کړه","","",""
"index.html","tapHint","…or simply tap the scene to tend it.","…یا فقط روی صحنه بزن تا پرورشش دهی.","…یا یوازې صحنه ووهه چې روزنه یې کړې.","","",""
"index.html","growDay()","n=>`Day ${n} · 14`","n=>`روزِ ${n.toLocaleString('fa')} · ۱۴`","n=>`ورځ ${n.toLocaleString('fa')} · ۱۴`","","",""
"index.html","growEnc[0]","Tap “Tend it today” — your journey begins.","روی «امروز به آن برس» بزن — سفرت آغاز می‌شود.","«نن ورته ورسه» ووهه — سفر دې پیلېږي.","","",""
"index.html","growEnc[1]","It has begun. Gently does it.","آغاز شد. آهسته و آرام.","پیل شو. ورو ورو.","","",""
"index.html","growEnc[2]","Taking shape. Come back when you can.","دارد شکل می‌گیرد. هر وقت توانستی برگرد.","شکل نیسي. کله چې وکولای شې راشه.","","",""
"index.html","growEnc[3]","A little more each day — steady progress.","هر روز کمی بیشتر — پیشرفتِ پیوسته.","هره ورځ لږ نور — دوامداره پرمختګ.","","",""
"index.html","growEnc[4]","Day by day, it grows stronger.","روز به روز قوی‌تر می‌شود.","ورځ په ورځ پیاوړی کیږي.","","",""
"index.html","growEnc[5]","Halfway. Look how far you've quietly come.","به نیمهٔ راه رسیدی. ببین چه آرام پیش آمده‌ای.","نیمايي ته ورسېدې. وګوره څومره په ارامۍ راغلې.","","",""
"index.html","growEnc[6]","Steady care, steady growth.","مراقبتِ پیوسته، رشدِ پیوسته.","دوامداره پاملرنه، دوامداره وده.","","",""
"index.html","growEnc[7]","Almost there — stay with it.","نزدیکِ پایان — همراهش بمان.","نژدې دی — ورسره پاتې شه.","","",""
"index.html","growDone.title","You tended it, all 14 days.","هر ۱۴ روز به آن رسیدی.","ټولې ۱۴ ورځې دې ورته ورسېدې.","","",""
"index.html","growDone.text()","n=>`Your ${n} is complete. This is what a little care, every day, can make.`","n=>`${n} تو کامل شد. این چیزی‌ست که کمی مراقبت، هر روز، می‌سازد.`","n=>`ستا ${n} بشپړ شو. دا هغه څه دي چې لږه پاملرنه، هره ورځ، جوړوي.`","","",""
"index.html","navDaily","Every day","هر روز","هره ورځ","","",""
"index.html","dKicker","A minute for yourself","یک دقیقه برای خودت","یوه دقیقه د ځان لپاره","","",""
"index.html","dTitle","Small daily practices, made gentle.","تمرین‌های کوچکِ روزانه، به‌نرمی.","وړوکي ورځني تمرینونه، په نرمۍ.","","",""
"index.html","dCheckT","Daily Check-in","چک‌اینِ روزانه","ورځنی چک","","",""
"index.html","dCheckS","Take a moment to check in with your body and mind.","لحظه‌ای به تن و ذهنت سر بزن.","یوه شېبه خپل تن او ذهن ته پام وکړه.","","",""
"index.html","dGamesT","Mindful Games","بازی‌های ذهن‌آگاه","ذهن‌پوه لوبې","","",""
"index.html","dGamesS","Train your mind daily — small exercises for focus and feeling.","هر روز ذهنت را نرم تمرین بده — برای تمرکز و احساس.","هره ورځ خپل ذهن نرم وروزه — د تمرکز او احساس لپاره.","","",""
"index.html","acts.breathing","Slow Breathing","تنفسِ آهسته","ورو ساه اخیستل","","",""
"index.html","acts.movement","Mindful Movement","حرکتِ آگاهانه","ارام خوځښت","","",""
"index.html","acts.hydration","Hydration Check","نوشیدنِ آب","د اوبو څښل","","",""
"index.html","acts.bodyscan","Interactive Body Scan","گوش‌دادن به بدن","بدن ته پام","","",""
"index.html","acts.mood","Mood Calibration","تنظیمِ حال","د حال برابرول","","",""
"index.html","minLabel()","n=>`${n} min`","n=>`${n.toLocaleString('fa')} دقیقه`","n=>`${n} دقیقې`","","",""
"index.html","tryNow","Try it now →","همین حالا امتحان کن ←","همدا اوس یې وآزمویه ←","","",""
"index.html","dDone()","n=>`${n} of 5 done`","n=>`${n.toLocaleString('fa')} از ۵ انجام شد`","n=>`${n} له ۵ بشپړ شول`","","",""
"index.html","gName","Positive Bubbles","حباب‌های مثبت","مثبتې بلبلې","","",""
"index.html","gTag","Positive thinking","اندیشهٔ مثبت","مثبت فکر","","",""
"index.html","gHint","Tap the gentle, uplifting words — let the rest drift by.","کلمه‌های ملایم و امیدبخش را لمس کن — بگذار بقیه بگذرند.","نرمې، هیله‌بښونکې کلمې ووهه — نور پرېږده چې تېر شي.","","",""
"index.html","gScore()","n=>`Found ${n} · 5`","n=>`${n.toLocaleString('fa')} · ۵ پیدا شد`","n=>`${n} · ۵ وموندل شول`","","",""
"index.html","gWin","Beautifully done. Carry those words with you today 🌿","چه زیبا. امروز این کلمه‌ها را با خودت ببر 🌿","ډېر ښکلی. نن دا کلمې له ځان سره یوسه 🌿","","",""
"index.html","gDrift","Let that one drift by…","بگذار آن یکی بگذرد…","پرېږده چې هغه تېره شي…","","",""
"index.html","gPos[0]","Hope","امید","هیله","","",""
"index.html","gPos[1]","Calm","آرامش","ارامي","","",""
"index.html","gPos[2]","Courage","شجاعت","زړورتیا","","",""
"index.html","gPos[3]","Kindness","مهربانی","مهرباني","","",""
"index.html","gPos[4]","Patience","صبر","صبر","","",""
"index.html","gNeg[0]","Worry","نگرانی","اندېښنه","","",""
"index.html","gNeg[1]","Doubt","تردید","شک","","",""
"index.html","gNeg[2]","Rush","عجله","بیړه","","",""
"index.html","mg[0].n","Visualizing","تجسم","تصور","","",""
"index.html","mg[0].tag","Imagination & focus","تخیل و تمرکز","تصور او تمرکز","","",""
"index.html","mg[0].min","2","2","2","","",""
"index.html","mg[1].n","Emotions Sorting","مرتب‌سازی احساسات","د احساساتو ترتیب","","",""
"index.html","mg[1].tag","Emotional awareness","آگاهیِ احساسی","احساسي پوهه","","",""
"index.html","mg[1].min","3","3","3","","",""
"index.html","inApp","in the app","در اپ","په اپ کې","","",""
"index.html","inviteCta","Want an invite? Write to us →","دعوت‌نامه می‌خواهی؟ برای ما بنویس ←","بلنه غواړې؟ موږ ته ولیکه ←","","",""
"index.html","privacyLink","Privacy","حریم خصوصی","محرمیت","","",""
"index.html","researchLink","Research","پژوهش","څېړنه","","",""
"index.html","aiKicker","Whenever you need someone","هر وقت به کسی نیاز داشتی","هر کله چې چا ته اړتیا لرې","","",""
"index.html","aiTitle","Someone to talk to, day or night.","کسی برای گفتن، روز یا شب.","د خبرو لپاره څوک، ورځ یا شپه.","","",""
"index.html","aiSub","A warm, private companion — here to listen, never to judge. Say what's on your heart.","یک همراهِ گرم و خصوصی — این‌جا برای شنیدن، نه قضاوت. آنچه بر دل داری بگو.","یو ګرم، محرم ملګری — د اورېدو لپاره، نه د قضاوت. هغه څه چې پر زړه لرې ووایه.","","",""
"index.html","aiStatus","Here for you · always private","کنارِ تو · همیشه خصوصی","ستا لپاره · تل محرم","","",""
"index.html","ai[0].q","I feel so alone","خیلی احساسِ تنهایی می‌کنم","ډېر یوازیتوب احساسوم","","",""
"index.html","ai[0].a","You reached out — and that took courage. You are not alone in this; I'm here with you, and I'm listening. Tell me what today has felt like. There's no rush, and no judgement here.","دست دراز کردی — و این شهامت می‌خواست. در این تنها نیستی؛ من کنارِ توام و می‌شنوم. بگو امروز چه‌طور گذشت. عجله‌ای نیست، و این‌جا هیچ قضاوتی نیست.","لاس دې راوغځاوه — او دا زړورتیا وه. په دې کې یوازې نه يې؛ زه درسره یم او اورم دې. ووایه نن ورځ څنګه تېره شوه. بیړه نشته، او دلته هیڅ قضاوت نشته.","","",""
"index.html","ai[1].q","I can't tell anyone","به کسی نمی‌توانم بگویم","چا ته یې نشم ویلی","","",""
"index.html","ai[1].a","You don't have to carry it where anyone can see. Whatever you share here stays with you alone. You can say it in your own words, in your own language — I'm listening, gently.","لازم نیست آن را جایی که دیده شود حمل کنی. هرچه این‌جا بگویی تنها مالِ توست. می‌توانی به کلماتِ خودت، به زبانِ خودت بگویی — من به‌آرامی می‌شنوم.","اړتیا نشته چې هغه ځای یې یوسې چې څوک یې وویني. هرڅه چې دلته ووایې یوازې ستا دي. په خپلو کلماتو، په خپله ژبه یې ویلی شې — زه په ارامۍ اورم.","","",""
"index.html","ai[2].q","I can't sleep","خوابم نمی‌برد","خوب نه راځي","","",""
"index.html","ai[2].a","When sleep won't come, the heart is often still holding the day. Let's breathe out a little longer than we breathe in, and let tomorrow wait until tomorrow. I'll stay with you a while.","وقتی خواب نمی‌آید، دل اغلب هنوز بارِ روز را نگه داشته. بیا بازدم را کمی بلندتر از دم کنیم، و بگذاریم فردا تا فردا صبر کند. کمی کنارِ تو می‌مانم.","کله چې خوب نه راځي، زړه ډېری وخت لا د ورځې بار ساتي. راځه چې ساه لږ اوږده وباسو لکه څنګه چې یې اخلو، او سبا دې تر سبا پرېږدو. لږ درسره پاتې کیږم.","","",""
"index.html","w1t","Understood","درک‌شده","پوه شوی","","",""
"index.html","w1d","speaks your world","دنیایت را می‌فهمد","ستا نړۍ پوهیږي","","",""
"index.html","w2t","Private","خصوصی","محرم","","",""
"index.html","w2d","your story stays yours","قصه‌ات مالِ توست","ستا کیسه ستا ده","","",""
"index.html","w3t","Never alone","هرگز تنها","هیڅکله یوازې نه","","",""
"index.html","w3d","day or night","روز یا شب","ورځ یا شپه","","",""
"index.html","w4t","By women who've been there","به‌دستِ زنانی که آن‌جا بوده‌اند","د هغو ښځو لخوا چې هلته وې","","",""
"index.html","getTitle","Get WellMate.","دریافت WellMate.","WellMate ترلاسه کړئ.","","",""
"index.html","getSub","The Android app is here — iOS will follow.","اپِ اندروید آماده است — اکنون در آزمایشِ داخلی در Google Play، با دعوت. نسخهٔ عمومی خیلی زود منتشر می‌شود؛ iOS هم در راه است.","د اندروید اپ چمتو دی — اوس په Google Play کې په داخلي ازموینه کې، په بلنه. عمومي خپرېدل ډېر ژر دي؛ iOS به هم راشي.","","",""
"index.html","storePlay","Install WellMate on","اکنون در آزمایشِ داخلی","اوس په داخلي ازموینه کې","","",""
"index.html","storeIos","Coming soon","به‌زودی","ژر راځي","","",""
"index.html","safety","If tonight feels heavier than you can carry, tell one person. It doesn't have to be the right person.","اگر امشب سنگین‌تر از توانِ توست، به یک نفر بگو. لازم نیست آدمِ درست باشد.","که نن شپه ستا له توانه درنه ده، یو چا ته یې ووایه. اړینه نه ده چې سم سړی وي.","","",""
"index.html","eco","WellMate is a standalone companion, created within LEARNistan (part of the LEARN family). Your experience is of WellMate alone.","WellMate یک همراهِ مستقل است که در دلِ LEARNistan (بخشی از خانوادهٔ LEARN) ساخته شده. تجربهٔ تو تنها از آنِ WellMate است.","WellMate یو خپلواک ملګری دی چې د LEARNistan (د LEARN کورنۍ برخه) دننه جوړ شوی. ستا تجربه یوازې د WellMate ده.","","",""
"index.html","mgOpen","Open it in WellMate","در WellMate بازش کن","په WellMate کې یې پرانیزه","","",""
"index.html","mgNote","This one lives in the app, where it can remember how you answered.","این یکی در اپ است، جایی که می‌تواند جواب‌هایت را به یاد بسپارد.","دا یو په اپ کې دی، هلته چې ستا ځوابونه یادولی شي.","","",""
"index.html","practice.close","Close","بستن","بندول","","",""
"index.html","practice.done","I'm done","تمام شد","بس دی","","",""
"index.html","practice.begin","Begin","شروع","پیل","","",""
"index.html","practice.again","Again","دوباره","بیا","","",""
"index.html","practice.next","Next","بعدی","بل","","",""
"index.html","practice.breathing.title","Slow Breathing","تنفسِ آهسته","ورو ساه اخیستل","","",""
"index.html","practice.breathing.sub","Four in, hold, six out. Nothing to get right.","چهار بگیر، نگه دار، شش رها کن. لازم نیست درست باشد.","څلور دننه، ونیسه، شپږ بهر. سم کول اړین نه دي.","","",""
"index.html","practice.breathing.ready","Settle in…","آرام بگیر…","ارام شه…","","",""
"index.html","practice.breathing.inhale","Breathe in","نفس بکش","ساه دننه کړه","","",""
"index.html","practice.breathing.hold","Hold, gently","نگه دار، به‌آرامی","ورو یې ونیسه","","",""
"index.html","practice.breathing.exhale","Breathe out","رها کن","ساه بهر کړه","","",""
"index.html","practice.breathing.rest","There's no rush","عجله‌ای نیست","بیړه نشته","","",""
"index.html","practice.breathing.count()","n=>`Breath ${n} of 5`","n=>`نفسِ ${n.toLocaleString('fa')} از ۵`","n=>`${n.toLocaleString('fa')} ساه له ۵ څخه`","","",""
"index.html","practice.breathing.finish","That's five. Notice how your chest feels now.","پنج نفس شد. ببین سینه‌ات حالا چه حالی دارد.","پنځه ساه شوې. وګوره ستا سینه اوس څنګه ده.","","",""
"index.html","practice.movement.title","Mindful Movement","حرکتِ آگاهانه","ارام خوځښت","","",""
"index.html","practice.movement.sub","Five small movements. Go slower than feels necessary.","پنج حرکتِ کوچک. آهسته‌تر از آنچه لازم است.","پنځه وړې خوځښتونه. تر اړتیا هم ورو.","","",""
"index.html","practice.movement.steps[0].n","Roll your shoulders","شانه‌ها را بچرخان","اوږې وګرځوه","","",""
"index.html","practice.movement.steps[0].d","Lift them to your ears, then let them fall. Three times, slowly.","تا گوش‌ها بالا ببر، بعد رها کن. سه بار، آهسته.","غوږونو ته یې پورته کړه، بیا یې پرېږده. درې ځله، ورو.","","",""
"index.html","practice.movement.steps[1].n","Lengthen your spine","قامتت را بلند کن","ملا سیخه کړه","","",""
"index.html","practice.movement.steps[1].d","Sit or stand tall. Imagine a thread lifting the top of your head.","راست بنشین یا بایست. انگار نخی سرت را بالا می‌کشد.","سیخ کښېنه یا ودرېږه. فکر وکړه چې یوه تار دې سر پورته کوي.","","",""
"index.html","practice.movement.steps[2].n","Turn your head","سرت را بگردان","سر وګرځوه","","",""
"index.html","practice.movement.steps[2].d","Look gently to one side, then the other. Only as far as is comfortable.","به‌آرامی به یک طرف نگاه کن، بعد طرفِ دیگر. فقط تا جایی که راحت است.","ورو یوې خوا ته وګوره، بیا بلې خوا ته. یوازې هغومره چې ارام یې.","","",""
"index.html","practice.movement.steps[3].n","Open your chest","سینه‌ات را باز کن","سینه پرانیزه","","",""
"index.html","practice.movement.steps[3].d","Draw your shoulder blades together. Let your breath widen.","کتف‌ها را به هم نزدیک کن. بگذار نفس جا باز کند.","اوږې سره نږدې کړه. پرېږده چې ساه ځای ومومي.","","",""
"index.html","practice.movement.steps[4].n","Shake out your hands","دست‌هایت را تکان بده","لاسونه وښوروه","","",""
"index.html","practice.movement.steps[4].d","Loosen your fingers and wrists. Let the tension leave.","انگشتان و مچ را شل کن. بگذار سفتی برود.","ګوتې او مړوند شل کړه. پرېږده چې کلکوالی ولاړ شي.","","",""
"index.html","practice.movement.finish","Your body carried you here. Thank it.","بدنت تو را تا اینجا آورده. از او تشکر کن.","ستا بدن تا دلته راوړ. مننه ترې وکړه.","","",""
"index.html","practice.hydration.title","Hydration Check","نوشیدنِ آب","د اوبو څښل","","",""
"index.html","practice.hydration.sub","Small kindnesses count. Add a glass whenever you drink.","مهربانی‌های کوچک مهم‌اند. هر بار که نوشیدی، یک گیلاس اضافه کن.","وړې مهربانۍ ارزښت لري. هر ځل چې څښې، یو ګیلاس ورزیات کړه.","","",""
"index.html","practice.hydration.add","Add a glass","یک گیلاس","یو ګیلاس","","",""
"index.html","practice.hydration.reset","Start today over","از نو","له سره پیل","","",""
"index.html","practice.hydration.count()","(n,g)=>`${n} of ${g} glasses today`","(n,g)=>`${n.toLocaleString('fa')} از ${g.toLocaleString('fa')} گیلاس امروز`","(n,g)=>`نن ${n.toLocaleString('fa')} له ${g.toLocaleString('fa')} ګیلاسو څخه`","","",""
"index.html","practice.hydration.low","A sip is a good beginning.","یک جرعه هم شروعِ خوبی است.","یوه غړپ هم ښه پیل دی.","","",""
"index.html","practice.hydration.mid","Halfway. Your body notices this.","نصفِ راه. بدنت این را می‌فهمد.","نیمه لار. ستا بدن دا احساسوي.","","",""
"index.html","practice.hydration.full","That's the day's water. Well tended.","آبِ امروز کامل شد. خوب مراقبت کردی.","د نن ورځې اوبه بشپړې شوې. ښه دې وکړل.","","",""
"index.html","practice.bodyscan.title","Interactive Body Scan","گوش‌دادن به بدن","بدن ته پام","","",""
"index.html","practice.bodyscan.sub","Move your attention slowly. Change nothing.","توجهت را آهسته حرکت بده. چیزی را تغییر نده.","پام دې ورو وګرځوه. هیڅ مه بدلوه.","","",""
"index.html","practice.bodyscan.tapHint","Tap a part of the body, or let it move on its own.","یک قسمتِ بدن را لمس کن، یا بگذار خودش پیش برود.","د بدن یوه برخه ولمسه، یا پرېږده چې پخپله مخکې لاړه شي.","","",""
"index.html","practice.bodyscan.parts[0].n","Head","سر","سر","","",""
"index.html","practice.bodyscan.parts[0].d","Soften your forehead. Unclench your jaw. Let your eyes rest.","پیشانی‌ات را نرم کن. فک‌ات را باز کن. بگذار چشم‌هایت استراحت کنند.","تندی دې نرم کړه. زنه دې خلاصه کړه. پرېږده چې سترګې دې ارام شي.","","",""
"index.html","practice.bodyscan.parts[1].n","Shoulders","شانه‌ها","اوږې","","",""
"index.html","practice.bodyscan.parts[1].d","Notice how high they are sitting. Let them come down.","ببین چقدر بالا نشسته‌اند. بگذار پایین بیایند.","وګوره چې څومره پورته دي. پرېږده چې ښکته شي.","","",""
"index.html","practice.bodyscan.parts[2].n","Chest","سینه","سینه","","",""
"index.html","practice.bodyscan.parts[2].d","Feel your breath arriving and leaving. You don't have to deepen it.","نفس را حس کن که می‌آید و می‌رود. لازم نیست عمیق‌ترش کنی.","ساه احساس کړه چې راځي او ځي. ژوره کول یې اړین نه دي.","","",""
"index.html","practice.bodyscan.parts[3].n","Belly","شکم","ګېډه","","",""
"index.html","practice.bodyscan.parts[3].d","Let it be soft. Nothing here needs holding in.","بگذار نرم باشد. اینجا چیزی برای نگه‌داشتن نیست.","پرېږده چې نرمه وي. دلته د نیولو څه نشته.","","",""
"index.html","practice.bodyscan.parts[4].n","Hands","دست‌ها","لاسونه","","",""
"index.html","practice.bodyscan.parts[4].d","Open your palms. Notice their warmth, or their cold.","کف دست‌ها را باز کن. گرمی یا سردی‌شان را حس کن.","لاسونه پرانیزه. تودوخه یا یخوالی یې احساس کړه.","","",""
"index.html","practice.bodyscan.parts[5].n","Legs","پاها","پښې","","",""
"index.html","practice.bodyscan.parts[5].d","Feel their weight, and the ground underneath them.","وزنِ آن‌ها و زمینِ زیرشان را حس کن.","د هغوی وزن او لاندې ځمکه احساس کړه.","","",""
"index.html","practice.bodyscan.parts[6].n","Feet","کف پا","د پښو تلې","","",""
"index.html","practice.bodyscan.parts[6].d","You are held. The floor is doing the work now.","تو نگه داشته شده‌ای. حالا زمین کار را انجام می‌دهد.","ته نیول شوی یې. اوس ځمکه کار کوي.","","",""
"index.html","practice.bodyscan.finish","You've been through the whole of yourself. Stay a moment.","از تمامِ خودت گذشتی. یک لحظه بمان.","د خپل ټول ځان څخه تېر شوې. یوه شېبه پاتې شه.","","",""
"index.html","practice.mood.title","Mood Calibration","تنظیمِ حال","د حال برابرول","","",""
"index.html","practice.mood.sub","Where are you, right now? There is no wrong place.","همین حالا کجایی؟ هیچ جایی اشتباه نیست.","همدا اوس چیرته یې؟ هیڅ ځای غلط نه دی.","","",""
"index.html","practice.mood.heavy","Heavy","سنگین","دروند","","",""
"index.html","practice.mood.light","Light","سبک","سپک","","",""
"index.html","practice.mood.levels[0]","Heavy today. That is allowed, and it will not always weigh this much.","امروز سنگین است. اشکالی ندارد، و همیشه این‌قدر سنگین نخواهد بود.","نن دروند دی. دا جواز لري، او تل به دومره دروند نه وي.","","",""
"index.html","practice.mood.levels[1]","Low, but here. Being here is the part that counts.","کم‌جان، اما حاضر. همین حاضر بودن مهم است.","ټیټ، خو حاضر. همدا حاضرېدل مهم دي.","","",""
"index.html","practice.mood.levels[2]","Somewhere in the middle. Most days live here.","جایی در میانه. بیشترِ روزها همین‌جا هستند.","په منځ کې چېرته. ډېرې ورځې همدلته وي.","","",""
"index.html","practice.mood.levels[3]","Steadier. Let yourself notice that.","آرام‌تر. بگذار خودت متوجهش شوی.","ارام‌تر. پرېږده چې پخپله یې ووینې.","","",""
"index.html","practice.mood.levels[4]","Light today. Take a moment to feel it properly.","امروز سبک است. یک لحظه درست حسش کن.","نن سپک دی. یوه شېبه یې په ښه توګه احساس کړه.","","",""
"index.html","practice.mood.save","That's enough for now","همین کافی است","دومره بس دي","","",""
"index.html","practice.mood.privacy","This stays on your phone. Nothing is sent anywhere.","این روی گوشیِ خودت می‌ماند. هیچ‌جا فرستاده نمی‌شود.","دا ستا په ګرځنده کې پاتې کېږي. هیچېرې نه لېږل کېږي.","","",""
"index.html","invite.title","Ask for an invite","درخواستِ دعوت","د بلنې غوښتنه","","",""
"index.html","invite.sub","Testing is invite-only for now. Tell us a little and we'll be in touch.","فعلاً فقط با دعوت است. کمی از خودت بگو تا با تو تماس بگیریم.","اوس مهال یوازې په بلنه ده. لږ راته ووایه چې اړیکه ونیسو.","","",""
"index.html","invite.name","Your name","نامت","ستا نوم","","",""
"index.html","invite.contact","Email or phone","ایمیل یا شماره تماس","برېښنالیک یا شمېره","","",""
"index.html","invite.contactHint","you@example.com or +93 …","you@example.com یا ‎+93 …","you@example.com یا ‎+93 …","","",""
"index.html","invite.language","Language you'd use","زبانی که استفاده می‌کنی","هغه ژبه چې کاروې","","",""
"index.html","invite.message","Anything you'd like us to know","هر چیزی که بخواهی بگویی","هر څه چې غواړې راته ووایې","","",""
"index.html","invite.messageHint","Optional — a sentence is plenty.","اختیاری — یک جمله کافی است.","اختیاري — یوه جمله بس ده.","","",""
"index.html","invite.send","Send request","فرستادنِ درخواست","غوښتنه ولېږه","","",""
"index.html","invite.sending","Sending…","در حالِ فرستادن…","لېږل کېږي…","","",""
"index.html","invite.opening","Opening your mail app…","برنامهٔ ایمیل باز می‌شود…","ستا د برېښنالیک اپ پرانیستل کېږي…","","",""
"index.html","invite.errName","Please tell us what to call you.","لطفاً بگو تو را چه صدا کنیم.","مهرباني وکړه ووایه چې څه دې وبولو.","","",""
"index.html","invite.errContact","An email address or phone number, so we can reply.","یک ایمیل یا شماره، تا بتوانیم جواب بدهیم.","یو برېښنالیک یا شمېره، چې ځواب درکړو.","","",""
"index.html","invite.thanksTitle","Thank you — we have it.","تشکر — رسید.","مننه — راورسېده.","","",""
"index.html","invite.thanksBody","We read every request ourselves. You'll hear from us soon.","ما خودمان هر درخواست را می‌خوانیم. به‌زودی خبرت می‌کنیم.","موږ پخپله هره غوښتنه لولو. ژر به درسره اړیکه ونیسو.","","",""
"index.html","invite.thanksMail","Your mail app should be open with the message ready. Press send and we'll have it.","برنامهٔ ایمیل‌ات با پیامِ آماده باز شده. بفرست تا به دستِ ما برسد.","ستا د برېښنالیک اپ د چمتو پیغام سره پرانیستل شو. ولېږه یې چې راورسېږي.","","",""
"index.html","invite.orWrite","Or write to us directly at","یا مستقیم به ما بنویس","یا مستقیم راته ولیکه","","",""
"index.html","invite.copy","Copy address","کپیِ آدرس","پته کاپي کړه","","",""
"index.html","invite.copied","Copied","کپی شد","کاپي شوه","","",""
"index.html","invite.privacy","We use this only to reply to you. It is never shared.","فقط برای جواب دادن به تو استفاده می‌شود. هرگز با کسی شریک نمی‌شود.","یوازې ستا ځواب لپاره کارول کېږي. هیڅکله نه شریکېږي.","","",""
"index.html","breathReady","Settle in…","آرام بگیر…","ارام شه…","","",""
"index.html","breathIn","Breathe in","نفس بکش","ساه دننه کړه","","",""
"index.html","breathHold","Hold, gently","به‌آرامی نگه دار","په ارامۍ ونیسه","","",""
"index.html","breathOut","Breathe out","بازدم","ساه وباسه","","",""
"index.html","breathSub","There's no rush","عجله‌ای نیست","بیړه نشته","","",""
"index.html","breathClose","Close","بستن","بندول","","",""
"index.html","resume()","n=>`Welcome back — your journey is on day ${n}. Carry on when you're ready.`","n=>`باز هم خوش آمدی — سفرت در روزِ ${n.toLocaleString('fa')} است. هر وقت آماده بودی، ادامه بده.`","n=>`بیرته ښه راغلاست — ستا سفر په ${n.toLocaleString('fa')} ورځې کې دی. کله چې تیار یې، دوام ورکړه.`","","",""
